N,assumption,option,experiment,dgp_name,rmse,nmse,mse,variance,mu_config
200,lagged,nonparametric,raw,lagged_shared_easy_linear_last_lag,0.0630444517560852,0.019633285854213638,0.003974602897225354,0.20244206327655218,"{'n_estimators': 40, 'learning_rate': 0.1, 'max_depth': 1, 'subsample': 1.0, 'min_samples_leaf': 50}"
200,lagged,nonparametric,raw,lagged_shared_easy_linear_last_lag,0.06235986779726453,0.01916751187281137,0.00388875311169231,0.20288252004207222,"{'n_estimators': 40, 'learning_rate': 0.1, 'max_depth': 1, 'subsample': 1.0, 'min_samples_leaf': 50}"
200,lagged,nonparametric,raw,lagged_shared_easy_linear_last_lag,0.1028349044427723,0.052681913462453746,0.01057501757175411,0.20073336135163153,"{'n_estimators': 40, 'learning_rate': 0.1, 'max_depth': 1, 'subsample': 1.0, 'min_samples_leaf': 50}"
200,lagged,nonparametric,raw,lagged_shared_easy_linear_last_lag,0.0614149848579591,0.018986121177305356,0.003771800365103345,0.19866092341240738,"{'n_estimators': 40, 'learning_rate': 0.1, 'max_depth': 1, 'subsample': 1.0, 'min_samples_leaf': 50}"
200,lagged,nonparametric,raw,lagged_shared_easy_linear_last_lag,0.06437992968315744,0.020559641451772782,0.0041447753460082965,0.20159764729996826,"{'n_estimators': 40, 'learning_rate': 0.1, 'max_depth': 1, 'subsample': 1.0, 'min_samples_leaf': 50}"
200,lagged,nonparametric,raw,lagged_shared_easy_linear_last_lag,0.07752911836209961,0.030020031271085712,0.00601076419400445,0.2002251143486921,"{'n_estimators': 40, 'learning_rate': 0.1, 'max_depth': 1, 'subsample': 1.0, 'min_samples_leaf': 50}"
200,lagged,nonparametric,raw,lagged_shared_easy_linear_last_lag,0.0651115101387949,0.021273676912391366,0.004239508752554391,0.1992842502033575,"{'n_estimators': 40, 'learning_rate': 0.1, 'max_depth': 1, 'subsample': 1.0, 'min_samples_leaf': 50}"
200,lagged,nonparametric,raw,lagged_shared_easy_linear_last_lag,0.08295056637160006,0.034401606993205484,0.006880796461369226,0.20001380931792584,"{'n_estimators': 40, 'learning_rate': 0.1, 'max_depth': 1, 'subsample': 1.0, 'min_samples_leaf': 50}"
200,lagged,nonparametric,raw,lagged_shared_easy_linear_last_lag,0.058191326946581946,0.01713054566606272,0.003386230531803994,0.19767207640749276,"{'n_estimators': 40, 'learning_rate': 0.1, 'max_depth': 1, 'subsample': 1.0, 'min_samples_leaf': 50}"
200,lagged,nonparametric,raw,lagged_shared_easy_linear_last_lag,0.06670722386648167,0.022011118595043653,0.004449853715972902,0.20216390624395147,"{'n_estimators': 40, 'learning_rate': 0.1, 'max_depth': 1, 'subsample': 1.0, 'min_samples_leaf': 50}"
200,lagged,nonparametric,raw,lagged_shared_easy_linear_last_lag,0.07528923097326913,0.027738737012906606,0.005668468300546269,0.2043520690184552,"{'n_estimators': 40, 'learning_rate': 0.1, 'max_depth': 1, 'subsample': 1.0, 'min_samples_leaf': 50}"
200,lagged,nonparametric,raw,lagged_shared_easy_linear_last_lag,0.06968833466694797,0.0241668536286413,0.004856463988652544,0.20095557590074178,"{'n_estimators': 40, 'learning_rate': 0.1, 'max_depth': 1, 'subsample': 1.0, 'min_samples_leaf': 50}"
200,lagged,nonparametric,raw,lagged_shared_easy_linear_last_lag,0.06854246581369154,0.023284249208528344,0.004698069619821073,0.2017702859021242,"{'n_estimators': 40, 'learning_rate': 0.1, 'max_depth': 1, 'subsample': 1.0, 'min_samples_leaf': 50}"
200,lagged,nonparametric,raw,lagged_shared_easy_linear_last_lag,0.05829259524590995,0.016847239943440853,0.003398026660503483,0.20169634147262433,"{'n_estimators': 40, 'learning_rate': 0.1, 'max_depth': 1, 'subsample': 1.0, 'min_samples_leaf': 50}"
200,lagged,nonparametric,raw,lagged_shared_easy_linear_last_lag,0.06427412742839851,0.02060427554121184,0.004131163456682009,0.20050030142622693,"{'n_estimators': 40, 'learning_rate': 0.1, 'max_depth': 1, 'subsample': 1.0, 'min_samples_leaf': 50}"
200,lagged,nonparametric,raw,lagged_shared_easy_linear_last_lag,0.06563108138170838,0.021716851195248243,0.004307438843332429,0.19834546015008467,"{'n_estimators': 40, 'learning_rate': 0.1, 'max_depth': 1, 'subsample': 1.0, 'min_samples_leaf': 50}"
200,lagged,nonparametric,raw,lagged_shared_easy_linear_last_lag,0.07212280324173805,0.025665181309291202,0.005201698747446459,0.2026753165995894,"{'n_estimators': 40, 'learning_rate': 0.1, 'max_depth': 1, 'subsample': 1.0, 'min_samples_leaf': 50}"
200,lagged,nonparametric,raw,lagged_shared_easy_linear_last_lag,0.0712038538401764,0.024654386528791653,0.005069988801693203,0.20564246430437103,"{'n_estimators': 40, 'learning_rate': 0.1, 'max_depth': 1, 'subsample': 1.0, 'min_samples_leaf': 50}"
200,lagged,nonparametric,raw,lagged_shared_easy_linear_last_lag,0.0744924084589591,0.027685894984665078,0.005549118918016402,0.20043126368463074,"{'n_estimators': 40, 'learning_rate': 0.1, 'max_depth': 1, 'subsample': 1.0, 'min_samples_leaf': 50}"
200,lagged,nonparametric,raw,lagged_shared_easy_linear_last_lag,0.0642504968752069,0.020631670797131095,0.004128126348710971,0.20008686593065458,"{'n_estimators': 40, 'learning_rate': 0.1, 'max_depth': 1, 'subsample': 1.0, 'min_samples_leaf': 50}"
400,lagged,nonparametric,raw,lagged_shared_easy_linear_last_lag,0.044763729480843124,0.009968998608471377,0.0020037914770341036,0.20100228274997825,"{'n_estimators': 40, 'learning_rate': 0.1, 'max_depth': 1, 'subsample': 1.0, 'min_samples_leaf': 50}"
400,lagged,nonparametric,raw,lagged_shared_easy_linear_last_lag,0.06032104709777473,0.018314927555346593,0.003638628722971957,0.1986701127796571,"{'n_estimators': 40, 'learning_rate': 0.1, 'max_depth': 1, 'subsample': 1.0, 'min_samples_leaf': 50}"
400,lagged,nonparametric,raw,lagged_shared_easy_linear_last_lag,0.05864511471154827,0.01718815029199129,0.0034392494795306553,0.20009421730115728,"{'n_estimators': 40, 'learning_rate': 0.1, 'max_depth': 1, 'subsample': 1.0, 'min_samples_leaf': 50}"
400,lagged,nonparametric,raw,lagged_shared_easy_linear_last_lag,0.05140346071717751,0.013028693845560862,0.0026423157737024113,0.20280741914913455,"{'n_estimators': 40, 'learning_rate': 0.1, 'max_depth': 1, 'subsample': 1.0, 'min_samples_leaf': 50}"
400,lagged,nonparametric,raw,lagged_shared_easy_linear_last_lag,0.05514982625972203,0.015117328065955483,0.0030415033364775256,0.20119318197023522,"{'n_estimators': 40, 'learning_rate': 0.1, 'max_depth': 1, 'subsample': 1.0, 'min_samples_leaf': 50}"
400,lagged,nonparametric,raw,lagged_shared_easy_linear_last_lag,0.05955517314085146,0.017555192135896437,0.003546818647836795,0.20203815602703343,"{'n_estimators': 40, 'learning_rate': 0.1, 'max_depth': 1, 'subsample': 1.0, 'min_samples_leaf': 50}"
400,lagged,nonparametric,raw,lagged_shared_easy_linear_last_lag,0.04335409725970414,0.00925694339262496,0.001879577749203886,0.20304518127456112,"{'n_estimators': 40, 'learning_rate': 0.1, 'max_depth': 1, 'subsample': 1.0, 'min_samples_leaf': 50}"
400,lagged,nonparametric,raw,lagged_shared_easy_linear_last_lag,0.05340489348938522,0.014070746274230642,0.00285208264861258,0.20269590489567163,"{'n_estimators': 40, 'learning_rate': 0.1, 'max_depth': 1, 'subsample': 1.0, 'min_samples_leaf': 50}"
400,lagged,nonparametric,raw,lagged_shared_easy_linear_last_lag,0.05484012024312912,0.014965941201024647,0.0030074387882808606,0.20095219858774774,"{'n_estimators': 40, 'learning_rate': 0.1, 'max_depth': 1, 'subsample': 1.0, 'min_samples_leaf': 50}"
400,lagged,nonparametric,raw,lagged_shared_easy_linear_last_lag,0.05816829012625728,0.016669338276268535,0.0033835499762124403,0.20298046149975038,"{'n_estimators': 40, 'learning_rate': 0.1, 'max_depth': 1, 'subsample': 1.0, 'min_samples_leaf': 50}"
400,lagged,nonparametric,raw,lagged_shared_easy_linear_last_lag,0.04433924614901519,0.009760389269920278,0.001965968749062958,0.2014231906837683,"{'n_estimators': 40, 'learning_rate': 0.1, 'max_depth': 1, 'subsample': 1.0, 'min_samples_leaf': 50}"
400,lagged,nonparametric,raw,lagged_shared_easy_linear_last_lag,0.05670922866970171,0.016038034038766188,0.0032159366163125183,0.20051937840630257,"{'n_estimators': 40, 'learning_rate': 0.1, 'max_depth': 1, 'subsample': 1.0, 'min_samples_leaf': 50}"
400,lagged,nonparametric,raw,lagged_shared_easy_linear_last_lag,0.05734779940295477,0.016173864654338465,0.0032887700963615397,0.20333854441395754,"{'n_estimators': 40, 'learning_rate': 0.1, 'max_depth': 1, 'subsample': 1.0, 'min_samples_leaf': 50}"
400,lagged,nonparametric,raw,lagged_shared_easy_linear_last_lag,0.043930295576777405,0.009528531865302909,0.0019298708694630285,0.20253601464989995,"{'n_estimators': 40, 'learning_rate': 0.1, 'max_depth': 1, 'subsample': 1.0, 'min_samples_leaf': 50}"
400,lagged,nonparametric,raw,lagged_shared_easy_linear_last_lag,0.05211989110128279,0.013421440899838991,0.0027164830484095767,0.20239876393913597,"{'n_estimators': 40, 'learning_rate': 0.1, 'max_depth': 1, 'subsample': 1.0, 'min_samples_leaf': 50}"
400,lagged,nonparametric,raw,lagged_shared_easy_linear_last_lag,0.0634029466389018,0.019945081643885778,0.004019933642495429,0.20155012219404733,"{'n_estimators': 40, 'learning_rate': 0.1, 'max_depth': 1, 'subsample': 1.0, 'min_samples_leaf': 50}"
400,lagged,nonparametric,raw,lagged_shared_easy_linear_last_lag,0.044673659897353,0.00982636417658586,0.0019957358886243657,0.20310013477617497,"{'n_estimators': 40, 'learning_rate': 0.1, 'max_depth': 1, 'subsample': 1.0, 'min_samples_leaf': 50}"
400,lagged,nonparametric,raw,lagged_shared_easy_linear_last_lag,0.05502117320184311,0.01509742717486268,0.0030273295005072186,0.20051956306487392,"{'n_estimators': 40, 'learning_rate': 0.1, 'max_depth': 1, 'subsample': 1.0, 'min_samples_leaf': 50}"
400,lagged,nonparametric,raw,lagged_shared_easy_linear_last_lag,0.045489572207423515,0.010311645988983835,0.002069301179614398,0.20067612695636364,"{'n_estimators': 40, 'learning_rate': 0.1, 'max_depth': 1, 'subsample': 1.0, 'min_samples_leaf': 50}"
400,lagged,nonparametric,raw,lagged_shared_easy_linear_last_lag,0.05162182473935562,0.013116565381947585,0.002664812789420748,0.2031639161489903,"{'n_estimators': 40, 'learning_rate': 0.1, 'max_depth': 1, 'subsample': 1.0, 'min_samples_leaf': 50}"
800,lagged,nonparametric,raw,lagged_shared_easy_linear_last_lag,0.04879439060926089,0.01186499901689662,0.0023808925549291277,0.20066521299652565,"{'n_estimators': 40, 'learning_rate': 0.1, 'max_depth': 1, 'subsample': 1.0, 'min_samples_leaf': 50}"
800,lagged,nonparametric,raw,lagged_shared_easy_linear_last_lag,0.03421460256517336,0.005804830192381765,0.0011706390286927678,0.20166636919527975,"{'n_estimators': 40, 'learning_rate': 0.1, 'max_depth': 1, 'subsample': 1.0, 'min_samples_leaf': 50}"
800,lagged,nonparametric,raw,lagged_shared_easy_linear_last_lag,0.03638078789103097,0.00656019413966331,0.0013235617275721855,0.20175648759689221,"{'n_estimators': 40, 'learning_rate': 0.1, 'max_depth': 1, 'subsample': 1.0, 'min_samples_leaf': 50}"
800,lagged,nonparametric,raw,lagged_shared_easy_linear_last_lag,0.03478117381997797,0.006048557115851919,0.0012097300522955212,0.2000030799287798,"{'n_estimators': 40, 'learning_rate': 0.1, 'max_depth': 1, 'subsample': 1.0, 'min_samples_leaf': 50}"
800,lagged,nonparametric,raw,lagged_shared_easy_linear_last_lag,0.03538762768516366,0.006204010778355808,0.0012522841931837613,0.20185074428830097,"{'n_estimators': 40, 'learning_rate': 0.1, 'max_depth': 1, 'subsample': 1.0, 'min_samples_leaf': 50}"
800,lagged,nonparametric,raw,lagged_shared_easy_linear_last_lag,0.04753394296778185,0.011265329962426596,0.002259475734064338,0.20056897947955338,"{'n_estimators': 40, 'learning_rate': 0.1, 'max_depth': 1, 'subsample': 1.0, 'min_samples_leaf': 50}"
800,lagged,nonparametric,raw,lagged_shared_easy_linear_last_lag,0.04721783108854648,0.011029991693604243,0.0022295235727065065,0.20213284240270998,"{'n_estimators': 40, 'learning_rate': 0.1, 'max_depth': 1, 'subsample': 1.0, 'min_samples_leaf': 50}"
800,lagged,nonparametric,raw,lagged_shared_easy_linear_last_lag,0.042492269295402375,0.008992298724098426,0.0018055929498729953,0.20079325712725646,"{'n_estimators': 40, 'learning_rate': 0.1, 'max_depth': 1, 'subsample': 1.0, 'min_samples_leaf': 50}"
800,lagged,nonparametric,raw,lagged_shared_easy_linear_last_lag,0.041089762004282514,0.008375932648896267,0.001688368541568579,0.20157379629730696,"{'n_estimators': 40, 'learning_rate': 0.1, 'max_depth': 1, 'subsample': 1.0, 'min_samples_leaf': 50}"
800,lagged,nonparametric,raw,lagged_shared_easy_linear_last_lag,0.0419963542163124,0.00880079883971837,0.0017636937674619802,0.20040155440235236,"{'n_estimators': 40, 'learning_rate': 0.1, 'max_depth': 1, 'subsample': 1.0, 'min_samples_leaf': 50}"
800,lagged,nonparametric,raw,lagged_shared_easy_linear_last_lag,0.03873254758775021,0.007398260710443163,0.0015002102426373344,0.20277877481658393,"{'n_estimators': 40, 'learning_rate': 0.1, 'max_depth': 1, 'subsample': 1.0, 'min_samples_leaf': 50}"
800,lagged,nonparametric,raw,lagged_shared_easy_linear_last_lag,0.046632557090742814,0.010909724269630069,0.002174595380821388,0.19932633741027855,"{'n_estimators': 40, 'learning_rate': 0.1, 'max_depth': 1, 'subsample': 1.0, 'min_samples_leaf': 50}"
800,lagged,nonparametric,raw,lagged_shared_easy_linear_last_lag,0.059421609358815214,0.01752507493052163,0.0035309276587916355,0.2014786055289373,"{'n_estimators': 40, 'learning_rate': 0.1, 'max_depth': 1, 'subsample': 1.0, 'min_samples_leaf': 50}"
800,lagged,nonparametric,raw,lagged_shared_easy_linear_last_lag,0.04561655729220416,0.01034333492478828,0.002080870299192944,0.20117982394692085,"{'n_estimators': 40, 'learning_rate': 0.1, 'max_depth': 1, 'subsample': 1.0, 'min_samples_leaf': 50}"
800,lagged,nonparametric,raw,lagged_shared_easy_linear_last_lag,0.04117337441103053,0.008478752920979993,0.0016952467603909033,0.19994057807677723,"{'n_estimators': 40, 'learning_rate': 0.1, 'max_depth': 1, 'subsample': 1.0, 'min_samples_leaf': 50}"
800,lagged,nonparametric,raw,lagged_shared_easy_linear_last_lag,0.03558079327544942,0.00628516551354056,0.0012659928501102668,0.20142553881562106,"{'n_estimators': 40, 'learning_rate': 0.1, 'max_depth': 1, 'subsample': 1.0, 'min_samples_leaf': 50}"
800,lagged,nonparametric,raw,lagged_shared_easy_linear_last_lag,0.05414099713865432,0.014558826081419084,0.0029312475711677755,0.2013381817170564,"{'n_estimators': 40, 'learning_rate': 0.1, 'max_depth': 1, 'subsample': 1.0, 'min_samples_leaf': 50}"
800,lagged,nonparametric,raw,lagged_shared_easy_linear_last_lag,0.046787034834910236,0.01090732857401737,0.002189026628643104,0.20069319575259162,"{'n_estimators': 40, 'learning_rate': 0.1, 'max_depth': 1, 'subsample': 1.0, 'min_samples_leaf': 50}"
800,lagged,nonparametric,raw,lagged_shared_easy_linear_last_lag,0.03506058918267604,0.006061390015171795,0.0012292449138363798,0.20279917820162574,"{'n_estimators': 40, 'learning_rate': 0.1, 'max_depth': 1, 'subsample': 1.0, 'min_samples_leaf': 50}"
800,lagged,nonparametric,raw,lagged_shared_easy_linear_last_lag,0.03991570597701914,0.007908691720846952,0.0015932635836438415,0.20145728773876356,"{'n_estimators': 40, 'learning_rate': 0.1, 'max_depth': 1, 'subsample': 1.0, 'min_samples_leaf': 50}"
1600,lagged,nonparametric,raw,lagged_shared_easy_linear_last_lag,0.028829679388905505,0.004123611277311534,0.0008311504136670829,0.20155886619093907,"{'n_estimators': 40, 'learning_rate': 0.1, 'max_depth': 1, 'subsample': 1.0, 'min_samples_leaf': 50}"
1600,lagged,nonparametric,raw,lagged_shared_easy_linear_last_lag,0.032714890835403056,0.005312666136307834,0.001070264082372339,0.2014551742783041,"{'n_estimators': 40, 'learning_rate': 0.1, 'max_depth': 1, 'subsample': 1.0, 'min_samples_leaf': 50}"
1600,lagged,nonparametric,raw,lagged_shared_easy_linear_last_lag,0.03660470126563738,0.006675319523844425,0.0013399041547465546,0.20072509637334662,"{'n_estimators': 40, 'learning_rate': 0.1, 'max_depth': 1, 'subsample': 1.0, 'min_samples_leaf': 50}"
1600,lagged,nonparametric,raw,lagged_shared_easy_linear_last_lag,0.031606643645184875,0.004963305178052183,0.0009989799225137055,0.20127312076863843,"{'n_estimators': 40, 'learning_rate': 0.1, 'max_depth': 1, 'subsample': 1.0, 'min_samples_leaf': 50}"
1600,lagged,nonparametric,raw,lagged_shared_easy_linear_last_lag,0.04297156787861437,0.009175767620080145,0.0018465556459463625,0.2012426341209188,"{'n_estimators': 40, 'learning_rate': 0.1, 'max_depth': 1, 'subsample': 1.0, 'min_samples_leaf': 50}"
1600,lagged,nonparametric,raw,lagged_shared_easy_linear_last_lag,0.037631372554054285,0.007066713400177902,0.0014161202003020303,0.20039304272144107,"{'n_estimators': 40, 'learning_rate': 0.1, 'max_depth': 1, 'subsample': 1.0, 'min_samples_leaf': 50}"
1600,lagged,nonparametric,raw,lagged_shared_easy_linear_last_lag,0.03142029071195244,0.004886352795553737,0.0009872346684236045,0.20203917108112288,"{'n_estimators': 40, 'learning_rate': 0.1, 'max_depth': 1, 'subsample': 1.0, 'min_samples_leaf': 50}"
1600,lagged,nonparametric,raw,lagged_shared_easy_linear_last_lag,0.03469311318231255,0.005985737699102601,0.0012036121022807487,0.20107999427726306,"{'n_estimators': 40, 'learning_rate': 0.1, 'max_depth': 1, 'subsample': 1.0, 'min_samples_leaf': 50}"
1600,lagged,nonparametric,raw,lagged_shared_easy_linear_last_lag,0.0315420564904076,0.004944984012328745,0.0009949013276440645,0.20119404333029076,"{'n_estimators': 40, 'learning_rate': 0.1, 'max_depth': 1, 'subsample': 1.0, 'min_samples_leaf': 50}"
1600,lagged,nonparametric,raw,lagged_shared_easy_linear_last_lag,0.03630123982187688,0.006545204764546582,0.0013177800126054197,0.20133518507219822,"{'n_estimators': 40, 'learning_rate': 0.1, 'max_depth': 1, 'subsample': 1.0, 'min_samples_leaf': 50}"
1600,lagged,nonparametric,raw,lagged_shared_easy_linear_last_lag,0.02993296544569584,0.00446709921585828,0.0008959824203732212,0.20057365576132002,"{'n_estimators': 40, 'learning_rate': 0.1, 'max_depth': 1, 'subsample': 1.0, 'min_samples_leaf': 50}"
1600,lagged,nonparametric,raw,lagged_shared_easy_linear_last_lag,0.02923085850775179,0.004245871931414515,0.0008544430891002052,0.20124090007951484,"{'n_estimators': 40, 'learning_rate': 0.1, 'max_depth': 1, 'subsample': 1.0, 'min_samples_leaf': 50}"
1600,lagged,nonparametric,raw,lagged_shared_easy_linear_last_lag,0.03241694009087747,0.005228675099079076,0.001050858004855539,0.2009797864550096,"{'n_estimators': 40, 'learning_rate': 0.1, 'max_depth': 1, 'subsample': 1.0, 'min_samples_leaf': 50}"
1600,lagged,nonparametric,raw,lagged_shared_easy_linear_last_lag,0.029194747177336073,0.004238891761597636,0.0008523332627485726,0.20107455219081333,"{'n_estimators': 40, 'learning_rate': 0.1, 'max_depth': 1, 'subsample': 1.0, 'min_samples_leaf': 50}"
1600,lagged,nonparametric,raw,lagged_shared_easy_linear_last_lag,0.031602341904363215,0.004962747358429946,0.0009987080138402712,0.2012409541952243,"{'n_estimators': 40, 'learning_rate': 0.1, 'max_depth': 1, 'subsample': 1.0, 'min_samples_leaf': 50}"
1600,lagged,nonparametric,raw,lagged_shared_easy_linear_last_lag,0.0359740718469663,0.0064274707833165265,0.0012941338452506933,0.20134418169738144,"{'n_estimators': 40, 'learning_rate': 0.1, 'max_depth': 1, 'subsample': 1.0, 'min_samples_leaf': 50}"
1600,lagged,nonparametric,raw,lagged_shared_easy_linear_last_lag,0.03334473824223479,0.005533580723366351,0.0011118715684431551,0.20093166143725263,"{'n_estimators': 40, 'learning_rate': 0.1, 'max_depth': 1, 'subsample': 1.0, 'min_samples_leaf': 50}"
1600,lagged,nonparametric,raw,lagged_shared_easy_linear_last_lag,0.04358940001061311,0.009358829250547308,0.0019000357932852383,0.20302067090006193,"{'n_estimators': 40, 'learning_rate': 0.1, 'max_depth': 1, 'subsample': 1.0, 'min_samples_leaf': 50}"
1600,lagged,nonparametric,raw,lagged_shared_easy_linear_last_lag,0.04158449453709733,0.008594412337646799,0.001729270185905878,0.2012086595299851,"{'n_estimators': 40, 'learning_rate': 0.1, 'max_depth': 1, 'subsample': 1.0, 'min_samples_leaf': 50}"
1600,lagged,nonparametric,raw,lagged_shared_easy_linear_last_lag,0.029900184950648986,0.0044196737987228975,0.0008940210600830161,0.2022821368267837,"{'n_estimators': 40, 'learning_rate': 0.1, 'max_depth': 1, 'subsample': 1.0, 'min_samples_leaf': 50}"
3200,lagged,nonparametric,raw,lagged_shared_easy_linear_last_lag,0.028456924875895264,0.004034456061152239,0.0008097965733923466,0.20072013701918195,"{'n_estimators': 40, 'learning_rate': 0.1, 'max_depth': 1, 'subsample': 1.0, 'min_samples_leaf': 50}"
3200,lagged,nonparametric,raw,lagged_shared_easy_linear_last_lag,0.03023766348711538,0.004540510892909201,0.0009143162931600306,0.2013685936945763,"{'n_estimators': 40, 'learning_rate': 0.1, 'max_depth': 1, 'subsample': 1.0, 'min_samples_leaf': 50}"
3200,lagged,nonparametric,raw,lagged_shared_easy_linear_last_lag,0.031017117548771744,0.004777940684325572,0.000962061581034324,0.20135486072283112,"{'n_estimators': 40, 'learning_rate': 0.1, 'max_depth': 1, 'subsample': 1.0, 'min_samples_leaf': 50}"
3200,lagged,nonparametric,raw,lagged_shared_easy_linear_last_lag,0.031019840332724914,0.004763064885521751,0.0009622304942677472,0.20201918667802135,"{'n_estimators': 40, 'learning_rate': 0.1, 'max_depth': 1, 'subsample': 1.0, 'min_samples_leaf': 50}"
3200,lagged,nonparametric,raw,lagged_shared_easy_linear_last_lag,0.026018297769758694,0.003361309439226687,0.0006769518188358303,0.2013952690388338,"{'n_estimators': 40, 'learning_rate': 0.1, 'max_depth': 1, 'subsample': 1.0, 'min_samples_leaf': 50}"
3200,lagged,nonparametric,raw,lagged_shared_easy_linear_last_lag,0.028616334118679965,0.004077755313040291,0.0008188945783919272,0.2008199402679157,"{'n_estimators': 40, 'learning_rate': 0.1, 'max_depth': 1, 'subsample': 1.0, 'min_samples_leaf': 50}"
3200,lagged,nonparametric,raw,lagged_shared_easy_linear_last_lag,0.02993521025530419,0.00444370871332927,0.0008961168130292692,0.2016596655719789,"{'n_estimators': 40, 'learning_rate': 0.1, 'max_depth': 1, 'subsample': 1.0, 'min_samples_leaf': 50}"
3200,lagged,nonparametric,raw,lagged_shared_easy_linear_last_lag,0.026520589313923655,0.003496219961592162,0.0007033416575578015,0.2011720272993073,"{'n_estimators': 40, 'learning_rate': 0.1, 'max_depth': 1, 'subsample': 1.0, 'min_samples_leaf': 50}"
3200,lagged,nonparametric,raw,lagged_shared_easy_linear_last_lag,0.030280891873508034,0.004544394611737964,0.000916932412655085,0.2017721811144416,"{'n_estimators': 40, 'learning_rate': 0.1, 'max_depth': 1, 'subsample': 1.0, 'min_samples_leaf': 50}"
3200,lagged,nonparametric,raw,lagged_shared_easy_linear_last_lag,0.027090358186748147,0.003632907935745305,0.0007338875066863124,0.20201103899863967,"{'n_estimators': 40, 'learning_rate': 0.1, 'max_depth': 1, 'subsample': 1.0, 'min_samples_leaf': 50}"
3200,lagged,nonparametric,raw,lagged_shared_easy_linear_last_lag,0.029662095702470453,0.004358341453742366,0.0008798399214625161,0.20187494045631194,"{'n_estimators': 40, 'learning_rate': 0.1, 'max_depth': 1, 'subsample': 1.0, 'min_samples_leaf': 50}"
3200,lagged,nonparametric,raw,lagged_shared_easy_linear_last_lag,0.02886176041123561,0.004130121334817281,0.0008330012140355673,0.20168928380222023,"{'n_estimators': 40, 'learning_rate': 0.1, 'max_depth': 1, 'subsample': 1.0, 'min_samples_leaf': 50}"
3200,lagged,nonparametric,raw,lagged_shared_easy_linear_last_lag,0.03216266531188361,0.005128406849340151,0.0010344370399642414,0.20170728851150682,"{'n_estimators': 40, 'learning_rate': 0.1, 'max_depth': 1, 'subsample': 1.0, 'min_samples_leaf': 50}"
3200,lagged,nonparametric,raw,lagged_shared_easy_linear_last_lag,0.03025032111806579,0.00455212759609536,0.0009150819277460971,0.20102290817397542,"{'n_estimators': 40, 'learning_rate': 0.1, 'max_depth': 1, 'subsample': 1.0, 'min_samples_leaf': 50}"
3200,lagged,nonparametric,raw,lagged_shared_easy_linear_last_lag,0.027025342036327914,0.0036088320118735076,0.0007303691121805126,0.20238379336514062,"{'n_estimators': 40, 'learning_rate': 0.1, 'max_depth': 1, 'subsample': 1.0, 'min_samples_leaf': 50}"
3200,lagged,nonparametric,raw,lagged_shared_easy_linear_last_lag,0.02762785714759379,0.0038051939592236438,0.0007632984905678493,0.200593845871547,"{'n_estimators': 40, 'learning_rate': 0.1, 'max_depth': 1, 'subsample': 1.0, 'min_samples_leaf': 50}"
3200,lagged,nonparametric,raw,lagged_shared_easy_linear_last_lag,0.032331858397918814,0.005198711521173036,0.0010453490674630734,0.20107849093099922,"{'n_estimators': 40, 'learning_rate': 0.1, 'max_depth': 1, 'subsample': 1.0, 'min_samples_leaf': 50}"
3200,lagged,nonparametric,raw,lagged_shared_easy_linear_last_lag,0.03056268602462527,0.004622424882113216,0.0009340777770398248,0.20207527452837615,"{'n_estimators': 40, 'learning_rate': 0.1, 'max_depth': 1, 'subsample': 1.0, 'min_samples_leaf': 50}"
3200,lagged,nonparametric,raw,lagged_shared_easy_linear_last_lag,0.027538275589133392,0.003781999024976207,0.0007583566224230601,0.2005174029434952,"{'n_estimators': 40, 'learning_rate': 0.1, 'max_depth': 1, 'subsample': 1.0, 'min_samples_leaf': 50}"
3200,lagged,nonparametric,raw,lagged_shared_easy_linear_last_lag,0.029814236947270707,0.0044175089301426,0.0008888887247480017,0.20121945168751654,"{'n_estimators': 40, 'learning_rate': 0.1, 'max_depth': 1, 'subsample': 1.0, 'min_samples_leaf': 50}"
6400,lagged,nonparametric,raw,lagged_shared_easy_linear_last_lag,0.022734755850742014,0.0025641489108372754,0.0005168691235928482,0.20157531468173356,"{'n_estimators': 40, 'learning_rate': 0.1, 'max_depth': 1, 'subsample': 1.0, 'min_samples_leaf': 50}"
6400,lagged,nonparametric,raw,lagged_shared_easy_linear_last_lag,0.023418344478922007,0.002725200524889742,0.0005484188581334568,0.20123981818022185,"{'n_estimators': 40, 'learning_rate': 0.1, 'max_depth': 1, 'subsample': 1.0, 'min_samples_leaf': 50}"
6400,lagged,nonparametric,raw,lagged_shared_easy_linear_last_lag,0.02647150002248959,0.003469082117474354,0.0007007403134406663,0.20199588528357937,"{'n_estimators': 40, 'learning_rate': 0.1, 'max_depth': 1, 'subsample': 1.0, 'min_samples_leaf': 50}"
6400,lagged,nonparametric,raw,lagged_shared_easy_linear_last_lag,0.020093047968989433,0.002005165937597154,0.0004037305766841104,0.20134521992125595,"{'n_estimators': 40, 'learning_rate': 0.1, 'max_depth': 1, 'subsample': 1.0, 'min_samples_leaf': 50}"
6400,lagged,nonparametric,raw,lagged_shared_easy_linear_last_lag,0.02808133665798487,0.003911254303183606,0.0007885614684990849,0.20161344862113084,"{'n_estimators': 40, 'learning_rate': 0.1, 'max_depth': 1, 'subsample': 1.0, 'min_samples_leaf': 50}"
6400,lagged,nonparametric,raw,lagged_shared_easy_linear_last_lag,0.021121610291546303,0.0022091263505657505,0.0004461224213079547,0.20194518126756492,"{'n_estimators': 40, 'learning_rate': 0.1, 'max_depth': 1, 'subsample': 1.0, 'min_samples_leaf': 50}"
6400,lagged,nonparametric,raw,lagged_shared_easy_linear_last_lag,0.024276170830628552,0.002928278271802922,0.0005893324701978605,0.20125562378161974,"{'n_estimators': 40, 'learning_rate': 0.1, 'max_depth': 1, 'subsample': 1.0, 'min_samples_leaf': 50}"
6400,lagged,nonparametric,raw,lagged_shared_easy_linear_last_lag,0.023719893019079952,0.0027973164315251062,0.0005626333248365978,0.20113324273787941,"{'n_estimators': 40, 'learning_rate': 0.1, 'max_depth': 1, 'subsample': 1.0, 'min_samples_leaf': 50}"
6400,lagged,nonparametric,raw,lagged_shared_easy_linear_last_lag,0.02632612747533755,0.0034404897543834968,0.0006930649878477226,0.20144370055591498,"{'n_estimators': 40, 'learning_rate': 0.1, 'max_depth': 1, 'subsample': 1.0, 'min_samples_leaf': 50}"
6400,lagged,nonparametric,raw,lagged_shared_easy_linear_last_lag,0.02492233501304531,0.003080409341641215,0.0006211227825024642,0.20163644295778413,"{'n_estimators': 40, 'learning_rate': 0.1, 'max_depth': 1, 'subsample': 1.0, 'min_samples_leaf': 50}"
6400,lagged,nonparametric,raw,lagged_shared_easy_linear_last_lag,0.026444686528838187,0.003474443415021149,0.0006993214456085159,0.20127581948381196,"{'n_estimators': 40, 'learning_rate': 0.1, 'max_depth': 1, 'subsample': 1.0, 'min_samples_leaf': 50}"
6400,lagged,nonparametric,raw,lagged_shared_easy_linear_last_lag,0.024984776229556034,0.003103595243179214,0.0006242390432409882,0.20113416677412474,"{'n_estimators': 40, 'learning_rate': 0.1, 'max_depth': 1, 'subsample': 1.0, 'min_samples_leaf': 50}"
6400,lagged,nonparametric,raw,lagged_shared_easy_linear_last_lag,0.02731268517565219,0.00369966090879786,0.0007459827715042909,0.20163544440798087,"{'n_estimators': 40, 'learning_rate': 0.1, 'max_depth': 1, 'subsample': 1.0, 'min_samples_leaf': 50}"
6400,lagged,nonparametric,raw,lagged_shared_easy_linear_last_lag,0.02692403601170638,0.003603131103703338,0.000724903715159662,0.20118716036022058,"{'n_estimators': 40, 'learning_rate': 0.1, 'max_depth': 1, 'subsample': 1.0, 'min_samples_leaf': 50}"
6400,lagged,nonparametric,raw,lagged_shared_easy_linear_last_lag,0.02516192779499011,0.0031447560969214638,0.0006331226103602958,0.2013264593015931,"{'n_estimators': 40, 'learning_rate': 0.1, 'max_depth': 1, 'subsample': 1.0, 'min_samples_leaf': 50}"
6400,lagged,nonparametric,raw,lagged_shared_easy_linear_last_lag,0.027501789495548615,0.0037621094666673753,0.0007563484254574681,0.20104370491044518,"{'n_estimators': 40, 'learning_rate': 0.1, 'max_depth': 1, 'subsample': 1.0, 'min_samples_leaf': 50}"
6400,lagged,nonparametric,raw,lagged_shared_easy_linear_last_lag,0.022460579408638593,0.0025105197772693926,0.0005044776273717599,0.20094549022850686,"{'n_estimators': 40, 'learning_rate': 0.1, 'max_depth': 1, 'subsample': 1.0, 'min_samples_leaf': 50}"
6400,lagged,nonparametric,raw,lagged_shared_easy_linear_last_lag,0.025883796664493176,0.003328201450191207,0.000669970929768828,0.2013011951936797,"{'n_estimators': 40, 'learning_rate': 0.1, 'max_depth': 1, 'subsample': 1.0, 'min_samples_leaf': 50}"
6400,lagged,nonparametric,raw,lagged_shared_easy_linear_last_lag,0.022400253515216077,0.0024944621318642047,0.0005017713575459502,0.20115412903500673,"{'n_estimators': 40, 'learning_rate': 0.1, 'max_depth': 1, 'subsample': 1.0, 'min_samples_leaf': 50}"
6400,lagged,nonparametric,raw,lagged_shared_easy_linear_last_lag,0.022392788063517594,0.002495514143457059,0.0005014369572576161,0.20093532972847464,"{'n_estimators': 40, 'learning_rate': 0.1, 'max_depth': 1, 'subsample': 1.0, 'min_samples_leaf': 50}"
12800,lagged,nonparametric,raw,lagged_shared_easy_linear_last_lag,0.021378539989515798,0.0022699058505551376,0.0004570419720833261,0.20134842683961982,"{'n_estimators': 40, 'learning_rate': 0.1, 'max_depth': 1, 'subsample': 1.0, 'min_samples_leaf': 50}"
12800,lagged,nonparametric,raw,lagged_shared_easy_linear_last_lag,0.01882265458298817,0.0017568813241625768,0.0003542923255504855,0.20165979379361898,"{'n_estimators': 40, 'learning_rate': 0.1, 'max_depth': 1, 'subsample': 1.0, 'min_samples_leaf': 50}"
12800,lagged,nonparametric,raw,lagged_shared_easy_linear_last_lag,0.021981919240934112,0.0024060892565841265,0.0004832047735149493,0.20082578906525886,"{'n_estimators': 40, 'learning_rate': 0.1, 'max_depth': 1, 'subsample': 1.0, 'min_samples_leaf': 50}"
12800,lagged,nonparametric,raw,lagged_shared_easy_linear_last_lag,0.021019595683818535,0.002192320519292805,0.0004418234027112028,0.20153230279198656,"{'n_estimators': 40, 'learning_rate': 0.1, 'max_depth': 1, 'subsample': 1.0, 'min_samples_leaf': 50}"
12800,lagged,nonparametric,raw,lagged_shared_easy_linear_last_lag,0.0240465259852041,0.0028778547481108896,0.0005782354119570961,0.20092585017943218,"{'n_estimators': 40, 'learning_rate': 0.1, 'max_depth': 1, 'subsample': 1.0, 'min_samples_leaf': 50}"
12800,lagged,nonparametric,raw,lagged_shared_easy_linear_last_lag,0.0225247004955529,0.0025209419719358674,0.000507362132414361,0.20125894925885593,"{'n_estimators': 40, 'learning_rate': 0.1, 'max_depth': 1, 'subsample': 1.0, 'min_samples_leaf': 50}"
12800,lagged,nonparametric,raw,lagged_shared_easy_linear_last_lag,0.021175507636812706,0.0022265559964876683,0.0004484021236767132,0.20138820868824114,"{'n_estimators': 40, 'learning_rate': 0.1, 'max_depth': 1, 'subsample': 1.0, 'min_samples_leaf': 50}"
12800,lagged,nonparametric,raw,lagged_shared_easy_linear_last_lag,0.019503020502168383,0.0018909794303728698,0.00038036780870800025,0.20114857020575735,"{'n_estimators': 40, 'learning_rate': 0.1, 'max_depth': 1, 'subsample': 1.0, 'min_samples_leaf': 50}"
12800,lagged,nonparametric,raw,lagged_shared_easy_linear_last_lag,0.024688066832182342,0.003029491933228402,0.0006095006439103019,0.20118906316439097,"{'n_estimators': 40, 'learning_rate': 0.1, 'max_depth': 1, 'subsample': 1.0, 'min_samples_leaf': 50}"
12800,lagged,nonparametric,raw,lagged_shared_easy_linear_last_lag,0.021818614840573958,0.0023644226011213156,0.0004760519535613142,0.20133962233974118,"{'n_estimators': 40, 'learning_rate': 0.1, 'max_depth': 1, 'subsample': 1.0, 'min_samples_leaf': 50}"
12800,lagged,nonparametric,raw,lagged_shared_easy_linear_last_lag,0.022648215989763597,0.0025452151470495223,0.0005129416875189835,0.20153175974675402,"{'n_estimators': 40, 'learning_rate': 0.1, 'max_depth': 1, 'subsample': 1.0, 'min_samples_leaf': 50}"
12800,lagged,nonparametric,raw,lagged_shared_easy_linear_last_lag,0.024331802978821877,0.002936500507235426,0.0005920366362002051,0.20161298618592075,"{'n_estimators': 40, 'learning_rate': 0.1, 'max_depth': 1, 'subsample': 1.0, 'min_samples_leaf': 50}"
12800,lagged,nonparametric,raw,lagged_shared_easy_linear_last_lag,0.020572977074982953,0.0021037179919296232,0.0004232473857277742,0.20119017251906135,"{'n_estimators': 40, 'learning_rate': 0.1, 'max_depth': 1, 'subsample': 1.0, 'min_samples_leaf': 50}"
12800,lagged,nonparametric,raw,lagged_shared_easy_linear_last_lag,0.023647169813237653,0.00278111371635131,0.0005591886401760982,0.201066442155313,"{'n_estimators': 40, 'learning_rate': 0.1, 'max_depth': 1, 'subsample': 1.0, 'min_samples_leaf': 50}"
12800,lagged,nonparametric,raw,lagged_shared_easy_linear_last_lag,0.02103569960952311,0.002195358317147745,0.00044250065806209074,0.20156192936968795,"{'n_estimators': 40, 'learning_rate': 0.1, 'max_depth': 1, 'subsample': 1.0, 'min_samples_leaf': 50}"
12800,lagged,nonparametric,raw,lagged_shared_easy_linear_last_lag,0.02209389018765723,0.0024258775384404865,0.00048813998362425644,0.20122202208857784,"{'n_estimators': 40, 'learning_rate': 0.1, 'max_depth': 1, 'subsample': 1.0, 'min_samples_leaf': 50}"
12800,lagged,nonparametric,raw,lagged_shared_easy_linear_last_lag,0.022602539543802584,0.0025396297259230247,0.0005108747938291596,0.20116113330004548,"{'n_estimators': 40, 'learning_rate': 0.1, 'max_depth': 1, 'subsample': 1.0, 'min_samples_leaf': 50}"
12800,lagged,nonparametric,raw,lagged_shared_easy_linear_last_lag,0.02102237303811642,0.002195796311194878,0.0004419401681537242,0.20126646806926976,"{'n_estimators': 40, 'learning_rate': 0.1, 'max_depth': 1, 'subsample': 1.0, 'min_samples_leaf': 50}"
12800,lagged,nonparametric,raw,lagged_shared_easy_linear_last_lag,0.02066982441773718,0.002119987324200236,0.0004272416414600842,0.20153028114036523,"{'n_estimators': 40, 'learning_rate': 0.1, 'max_depth': 1, 'subsample': 1.0, 'min_samples_leaf': 50}"
12800,lagged,nonparametric,raw,lagged_shared_easy_linear_last_lag,0.022306197039694737,0.0024711748382570584,0.0004975664263736863,0.20134812748604397,"{'n_estimators': 40, 'learning_rate': 0.1, 'max_depth': 1, 'subsample': 1.0, 'min_samples_leaf': 50}"
25600,lagged,nonparametric,raw,lagged_shared_easy_linear_last_lag,0.020768647327098457,0.002143578479233057,0.0004313367117973939,0.20122272917748282,"{'n_estimators': 40, 'learning_rate': 0.1, 'max_depth': 1, 'subsample': 1.0, 'min_samples_leaf': 50}"
25600,lagged,nonparametric,raw,lagged_shared_easy_linear_last_lag,0.017916996636747704,0.0015957768317932126,0.0003210187684812286,0.20116770846991938,"{'n_estimators': 40, 'learning_rate': 0.1, 'max_depth': 1, 'subsample': 1.0, 'min_samples_leaf': 50}"
25600,lagged,nonparametric,raw,lagged_shared_easy_linear_last_lag,0.019266853840146928,0.0018436533756003735,0.0003712116568975844,0.20134568775798312,"{'n_estimators': 40, 'learning_rate': 0.1, 'max_depth': 1, 'subsample': 1.0, 'min_samples_leaf': 50}"
25600,lagged,nonparametric,raw,lagged_shared_easy_linear_last_lag,0.019535483593345313,0.001892136719575743,0.00038163511922586384,0.20169531898912385,"{'n_estimators': 40, 'learning_rate': 0.1, 'max_depth': 1, 'subsample': 1.0, 'min_samples_leaf': 50}"
25600,lagged,nonparametric,raw,lagged_shared_easy_linear_last_lag,0.021009043983636372,0.002191321806916674,0.0004413799291063677,0.201421775529819,"{'n_estimators': 40, 'learning_rate': 0.1, 'max_depth': 1, 'subsample': 1.0, 'min_samples_leaf': 50}"
25600,lagged,nonparametric,raw,lagged_shared_easy_linear_last_lag,0.01817412710072241,0.0016402835234780356,0.0003302988958732128,0.2013669534233029,"{'n_estimators': 40, 'learning_rate': 0.1, 'max_depth': 1, 'subsample': 1.0, 'min_samples_leaf': 50}"
25600,lagged,nonparametric,raw,lagged_shared_easy_linear_last_lag,0.019861731104566512,0.001958683787056203,0.00039448836247010495,0.20140482352335182,"{'n_estimators': 40, 'learning_rate': 0.1, 'max_depth': 1, 'subsample': 1.0, 'min_samples_leaf': 50}"
25600,lagged,nonparametric,raw,lagged_shared_easy_linear_last_lag,0.019653467491118626,0.0019193480051362143,0.0003862587844244566,0.20124478905900348,"{'n_estimators': 40, 'learning_rate': 0.1, 'max_depth': 1, 'subsample': 1.0, 'min_samples_leaf': 50}"
25600,lagged,nonparametric,raw,lagged_shared_easy_linear_last_lag,0.020214307118283186,0.002029852849216837,0.00040861821227227427,0.20130435190409413,"{'n_estimators': 40, 'learning_rate': 0.1, 'max_depth': 1, 'subsample': 1.0, 'min_samples_leaf': 50}"
25600,lagged,nonparametric,raw,lagged_shared_easy_linear_last_lag,0.02035532200329958,0.0020601455170488883,0.00041433913385801214,0.20112129479646831,"{'n_estimators': 40, 'learning_rate': 0.1, 'max_depth': 1, 'subsample': 1.0, 'min_samples_leaf': 50}"
25600,lagged,nonparametric,raw,lagged_shared_easy_linear_last_lag,0.018045140495779446,0.0016169839601194035,0.00032562709551241925,0.2013792984615468,"{'n_estimators': 40, 'learning_rate': 0.1, 'max_depth': 1, 'subsample': 1.0, 'min_samples_leaf': 50}"
25600,lagged,nonparametric,raw,lagged_shared_easy_linear_last_lag,0.021878468526253757,0.0023777400512672276,0.00047866738505427623,0.201311907413583,"{'n_estimators': 40, 'learning_rate': 0.1, 'max_depth': 1, 'subsample': 1.0, 'min_samples_leaf': 50}"
25600,lagged,nonparametric,raw,lagged_shared_easy_linear_last_lag,0.01823659955891695,0.0016489853131524367,0.0003325735634722899,0.20168376323285414,"{'n_estimators': 40, 'learning_rate': 0.1, 'max_depth': 1, 'subsample': 1.0, 'min_samples_leaf': 50}"
25600,lagged,nonparametric,raw,lagged_shared_easy_linear_last_lag,0.018940326898681074,0.0017824592224429839,0.0003587359830289019,0.20125901255526585,"{'n_estimators': 40, 'learning_rate': 0.1, 'max_depth': 1, 'subsample': 1.0, 'min_samples_leaf': 50}"
25600,lagged,nonparametric,raw,lagged_shared_easy_linear_last_lag,0.02095027729391039,0.0021805195376765527,0.00043891411869173726,0.2012887805442097,"{'n_estimators': 40, 'learning_rate': 0.1, 'max_depth': 1, 'subsample': 1.0, 'min_samples_leaf': 50}"
25600,lagged,nonparametric,raw,lagged_shared_easy_linear_last_lag,0.020522631278677914,0.0020891643488753905,0.00042117839460056904,0.2016013698622092,"{'n_estimators': 40, 'learning_rate': 0.1, 'max_depth': 1, 'subsample': 1.0, 'min_samples_leaf': 50}"
25600,lagged,nonparametric,raw,lagged_shared_easy_linear_last_lag,0.018364697719125224,0.0016769086576861095,0.00033726212231484316,0.20112134359197353,"{'n_estimators': 40, 'learning_rate': 0.1, 'max_depth': 1, 'subsample': 1.0, 'min_samples_leaf': 50}"
25600,lagged,nonparametric,raw,lagged_shared_easy_linear_last_lag,0.01969499260544448,0.0019270684257502598,0.0003878927337285128,0.2012864351599221,"{'n_estimators': 40, 'learning_rate': 0.1, 'max_depth': 1, 'subsample': 1.0, 'min_samples_leaf': 50}"
25600,lagged,nonparametric,raw,lagged_shared_easy_linear_last_lag,0.01906680125720746,0.0018062744898658415,0.0003635429101818481,0.2012667023874371,"{'n_estimators': 40, 'learning_rate': 0.1, 'max_depth': 1, 'subsample': 1.0, 'min_samples_leaf': 50}"
25600,lagged,nonparametric,raw,lagged_shared_easy_linear_last_lag,0.019802306659759784,0.0019494945881848023,0.00039213134904716665,0.20114513342265025,"{'n_estimators': 40, 'learning_rate': 0.1, 'max_depth': 1, 'subsample': 1.0, 'min_samples_leaf': 50}"
